date,v_number
Mon Jul 21 10:36:35 2025,R163-JF
Mon Jul 21 10:36:36 2025,R1B3-JF
Mon Jul 21 10:36:37 2025,R183-JF
Mon Jul 21 10:37:22 2025,Hae
Mon Jul 21 10:37:24 2025,#64:
Mon Jul 21 10:37:26 2025,644:
Mon Jul 21 10:37:28 2025,oa
Mon Jul 21 10:37:32 2025,He6AS LX
Mon Jul 21 10:37:33 2025,6440
Mon Jul 21 10:37:45 2025,{nae ocd
Mon Jul 21 10:37:46 2025,HE
Mon Jul 21 10:37:47 2025,Le
Mon Jul 21 10:37:53 2025,66-HH-O7
Mon Jul 21 10:37:55 2025,66-HH-07
Mon Jul 21 10:37:55 2025,66 HH-07
Mon Jul 21 10:37:56 2025,66-HH
Mon Jul 21 10:37:56 2025,66-HH-07
Mon Jul 21 10:37:56 2025,66-HH-07
Mon Jul 21 10:37:57 2025,66-HH-07
Mon Jul 21 10:37:57 2025,66-HH-07
Mon Jul 21 10:37:57 2025,66-HH-07
Mon Jul 21 10:37:58 2025,66-HH
Mon Jul 21 10:37:59 2025,66-HH-07
Mon Jul 21 10:37:59 2025,66-HH-07
Mon Jul 21 10:38:00 2025,66-HH-O7
Mon Jul 21 10:38:00 2025,66-HH-07
Mon Jul 21 10:38:01 2025,66-HH-07
Mon Jul 21 10:38:32 2025,Lecs az
Mon Jul 21 10:38:33 2025,L052
Mon Jul 21 10:38:35 2025,L-60:
Mon Jul 21 10:38:36 2025,1-60!
Mon Jul 21 10:38:36 2025,605-HZ
Mon Jul 21 10:38:36 2025,L605:
Mon Jul 21 10:38:37 2025,1-505 HZ
Mon Jul 21 10:38:37 2025,50582
Mon Jul 21 10:38:43 2025,Gari
Mon Jul 21 10:38:45 2025,Lear ee |
Mon Jul 21 10:38:46 2025,co
